
INSERT INTO Message VALUES(1,'01c01cd3-90e7-46e1-a1a1-7828b6367821','Hello','2022-06-21T16:00:18.007Z',1,0);
INSERT INTO Message VALUES(2,'01c01cd3-90e7-46e1-a1a1-7828b6367821','Hello, how may I help you?','2022-06-21T16:00:19.536Z',0,0);
INSERT INTO Message VALUES(3,'01c01cd3-90e7-46e1-a1a1-7828b6367821','I want to order a hamburger','2022-06-21T16:00:21.052Z',1,0);
INSERT INTO Message VALUES(4,'01c01cd3-90e7-46e1-a1a1-7828b6367821','Would you like fries with that?','2022-06-21T16:00:22.568Z',0,0);
INSERT INTO Message VALUES(5,'01c01cd3-90e7-46e1-a1a1-7828b6367821','No thank you.','2022-06-21T16:00:24.085Z',1,0);
INSERT INTO Message VALUES(6,'01c01cd3-90e7-46e1-a1a1-7828b6367821','Would you like to review this service out of 5?','2022-06-21T19:00:24.800647',0,1);
INSERT INTO Message VALUES(7,'01c01cd3-90e7-46e1-a1a1-7828b6367821','Whatever','2022-06-21T16:00:26.309Z',1,0);
INSERT INTO Message VALUES(8,'01c01cd3-90e7-46e1-a1a1-7828b6367821','Sorry, I did not understand your feedback. Please try again.','2022-06-21T19:00:26.317784',0,1);
INSERT INTO Message VALUES(9,'01c01cd3-90e7-46e1-a1a1-7828b6367821','5','2022-06-21T16:00:27.829Z',1,0);
INSERT INTO Message VALUES(10,'01c01cd3-90e7-46e1-a1a1-7828b6367821','Thank you for your feedback!','2022-06-21T19:00:27.834915',0,1);
INSERT INTO Message VALUES(11,'01c01cd3-90e7-46e1-a1a1-7828b6367821','🍔','2022-06-21T16:00:29.344Z',1,0);

INSERT INTO Message VALUES(12,'998adf02-30d5-4bb9-a46f-93dfd0e0a87e','Hello','2022-06-21T16:04:53.735Z',1,0);
INSERT INTO Message VALUES(13,'998adf02-30d5-4bb9-a46f-93dfd0e0a87e','Hello!','2022-06-21T16:04:55.257Z',1,0);
INSERT INTO Message VALUES(14,'998adf02-30d5-4bb9-a46f-93dfd0e0a87e','Is anybody there?','2022-06-21T16:07:55.257Z',1,0);

INSERT INTO MessageBox VALUES('01c01cd3-90e7-46e1-a1a1-7828b6367821','Travis','2022-06-21T16:00:18.007Z',NULL);
INSERT INTO MessageBox VALUES('998adf02-30d5-4bb9-a46f-93dfd0e0a87e','Nichole','2022-06-21T16:04:53.735Z',NULL);

INSERT INTO BotConversation VALUES(1,'2022-06-21T19:00:24.801904','01c01cd3-90e7-46e1-a1a1-7828b6367821',5,6,9,10,'THANK_YOU','5');
INSERT INTO BotConversation VALUES(2,'2022-06-21T19:05:00.527214','998adf02-30d5-4bb9-a46f-93dfd0e0a87e',16,17,20,21,'THANK_YOU','5');
